{
  "epoch": [
    0,
    1,
    2,
    3,
    4,
    5,
    6,
    7,
    8,
    9
  ],
  "mean_reward": [
    5.1197315769968554e-05,
    5.4735173762310296e-05,
    1.752362550178077e-05,
    -7.559878577012569e-05,
    8.047705341596156e-05,
    -4.839997927774675e-06,
    0.00018260184151586145,
    0.00023077243531588465,
    -0.00015229098789859563,
    0.00010262378782499582
  ],
  "policy_loss": [
    0.03192788362503052,
    -0.3062260150909424,
    -0.0052134692668914795,
    -0.1311788260936737,
    0.11801442503929138,
    -0.12303883582353592,
    -0.08504894375801086,
    0.01695352792739868,
    -0.20656590163707733,
    0.008145049214363098
  ],
  "value_loss": [
    0.029196666553616524,
    0.005055505316704512,
    0.004946834407746792,
    0.003370838239789009,
    0.0017422246746718884,
    0.001351592713035643,
    0.001844865968450904,
    0.0008251591352745891,
    0.00044128624722361565,
    0.0002956096432171762
  ],
  "entropy": [
    0.09724545478820801,
    0.11410019546747208,
    0.13296133279800415,
    0.5211437344551086,
    0.4536915719509125,
    0.3984118402004242,
    0.44769367575645447,
    0.49658331274986267,
    0.4759584665298462,
    0.4920133352279663
  ],
  "approx_kl": [
    0.0,
    0.0011899269884452224,
    0.0035881055518984795,
    0.15759950876235962,
    0.00281583983451128,
    0.0023964405991137028,
    0.020239563658833504,
    0.0007544539403170347,
    0.0007826812798157334,
    0.0
  ]
}