{
  "epoch": [
    0,
    1,
    2,
    3,
    4,
    5,
    6,
    7,
    8,
    9
  ],
  "mean_reward": [
    0.00024653179571032524,
    -0.00010235316585749388,
    0.0001119929802371189,
    0.00020181419677101076,
    -0.0001319520961260423,
    -0.00016869096725713462,
    0.0005505825392901897,
    0.0002160672884201631,
    0.0003467737406026572,
    0.0004163359699305147
  ],
  "policy_loss": [
    -0.0536285936832428,
    -0.15606528520584106,
    -0.1934647411108017,
    -0.026811931282281876,
    -0.12363094091415405,
    0.16537752747535706,
    -0.07822276651859283,
    -0.062348514795303345,
    0.03788114711642265,
    0.01922154426574707
  ],
  "value_loss": [
    0.0008730265544727445,
    0.0005080259870737791,
    0.000827954092528671,
    0.0005338246701285243,
    0.0004897021572105587,
    0.0008353899465873837,
    0.0005836053751409054,
    0.0005822357488796115,
    0.0014765048399567604,
    0.0007148573640733957
  ],
  "entropy": [
    1.054610252380371,
    0.9789267778396606,
    1.0104738473892212,
    0.9281662702560425,
    0.8514883518218994,
    0.7938054203987122,
    0.7267079949378967,
    0.6702973246574402,
    0.6602282524108887,
    0.6591299176216125
  ],
  "approx_kl": [
    0.029947005212306976,
    0.003021922893822193,
    0.01883627474308014,
    0.02933904342353344,
    0.007451017387211323,
    0.014932073652744293,
    0.00045979395508766174,
    0.004105443134903908,
    0.0105695566162467,
    0.004972781054675579
  ]
}