{
  "epoch": [
    0,
    1,
    2,
    3,
    4,
    5,
    6,
    7,
    8,
    9
  ],
  "mean_reward": [
    -6.672736344626173e-05,
    -0.00011285356595180929,
    4.9013266107067466e-05,
    0.00026078056544065475,
    0.0002922144194599241,
    9.972968837246299e-05,
    -0.00011275183351244777,
    0.00022821477614343166,
    0.0004635345540009439,
    0.0003060312301386148
  ],
  "policy_loss": [
    0.10137847065925598,
    -0.16923071444034576,
    0.05968024581670761,
    -0.00015222467482089996,
    0.15539051592350006,
    0.1060173362493515,
    0.15383952856063843,
    -0.04353894293308258,
    -0.11749270558357239,
    -0.004133850336074829
  ],
  "value_loss": [
    0.000609596841968596,
    0.0005001779063604772,
    0.000541949353646487,
    0.000378643861040473,
    0.0005882763070985675,
    0.0003117833402939141,
    0.0013019884936511517,
    0.00032839574851095676,
    0.00033816444920375943,
    0.0005578418495133519
  ],
  "entropy": [
    1.0971622467041016,
    1.0884990692138672,
    1.0725302696228027,
    1.0351059436798096,
    0.9832217693328857,
    0.9266253709793091,
    0.8884153962135315,
    0.789932370185852,
    0.7291607856750488,
    0.7202969193458557
  ],
  "approx_kl": [
    0.008492863737046719,
    0.03769315034151077,
    0.0,
    0.02329881861805916,
    0.0,
    0.0,
    0.0,
    0.011655868962407112,
    0.019404936581850052,
    0.002648246008902788
  ]
}