{
  "total_return": 1.0242835949376587,
  "annualized_return": 0.1934284853735304,
  "sharpe": 0.8581389237907024,
  "max_drawdown": 0.2960297144218643
}