{
  "total_return": 0.3706090944805642,
  "annualized_return": 0.08225743145567765,
  "sharpe": 0.3895584314846569,
  "max_drawdown": 0.4371991024804849
}