{
  "epoch": [
    0,
    1,
    2,
    3,
    4,
    5,
    6,
    7,
    8,
    9
  ],
  "mean_reward": [
    -0.0006327593000605702,
    -7.93674771557562e-05,
    -0.00022878807794768363,
    -0.0005366494879126549,
    0.0007000826299190521,
    0.0005114009836688638,
    0.00036351109156385064,
    0.0006282334798015654,
    0.0006593838334083557,
    0.0003768325550481677
  ],
  "policy_loss": [
    -0.06994714587926865,
    -0.05367908254265785,
    0.005176834762096405,
    -0.021610409021377563,
    0.01446630246937275,
    -0.02114354446530342,
    0.10874256491661072,
    0.06606937944889069,
    -0.025784889236092567,
    -0.07687117159366608
  ],
  "value_loss": [
    0.0004667583853006363,
    0.000706650665961206,
    0.0009493820834904909,
    0.0013779038563370705,
    0.00044365806388668716,
    0.0005405541742220521,
    0.0005526288878172636,
    0.00047279210411943495,
    0.0005120086134411395,
    0.0006660525104962289
  ],
  "entropy": [
    1.0552527904510498,
    1.024559497833252,
    1.0570764541625977,
    1.0507385730743408,
    1.049985647201538,
    0.9898245334625244,
    0.9155183434486389,
    0.8830920457839966,
    0.8146725296974182,
    0.7334954738616943
  ],
  "approx_kl": [
    0.009596573188900948,
    0.014067723415791988,
    0.027501698583364487,
    0.0,
    0.013070053420960903,
    0.0,
    0.0,
    0.00800378993153572,
    0.0,
    0.0
  ]
}