{
  "epoch": [
    0,
    1,
    2,
    3,
    4,
    5,
    6,
    7,
    8,
    9
  ],
  "mean_reward": [
    -0.00010198660311289132,
    0.0003447105991654098,
    6.31267685093917e-05,
    0.0004867666575592011,
    0.00043652899330481887,
    0.0001640790287638083,
    0.00046558643225580454,
    -4.51017840532586e-05,
    0.00030900107230991125,
    0.00041190607589669526
  ],
  "policy_loss": [
    -0.051553428173065186,
    -0.05630137026309967,
    0.08105228841304779,
    -0.08397265523672104,
    -0.09013574570417404,
    0.05130557343363762,
    0.1105930507183075,
    0.004488438367843628,
    -0.19711419939994812,
    -0.08032438158988953
  ],
  "value_loss": [
    0.0006737958174198866,
    0.0005098405526950955,
    0.0010167157743126154,
    0.0005334818852134049,
    0.0004675061209127307,
    0.0005215322598814964,
    0.0010695141972973943,
    0.0008272279519587755,
    0.0004720841534435749,
    0.0006216814508661628
  ],
  "entropy": [
    1.0075520277023315,
    0.9297787547111511,
    0.928529679775238,
    0.8992864489555359,
    0.8787833452224731,
    0.8967164754867554,
    0.7937156558036804,
    0.6973546743392944,
    0.6870388984680176,
    0.6175428628921509
  ],
  "approx_kl": [
    0.00036866869777441025,
    0.0153807969763875,
    8.535804226994514e-05,
    0.0007378803566098213,
    0.009779104962944984,
    0.0,
    0.0018573850393295288,
    0.0,
    0.014506025239825249,
    0.03988466039299965
  ]
}