{
  "bull_bear": {
    "bear": {
      "total_return": 0.003233060165843904,
      "annualized_return": 0.002818556225512081,
      "sharpe": 0.007994334731702905,
      "max_drawdown": 0.29602971442186443,
      "count": 289
    },
    "bull": {
      "total_return": 1.017760055278707,
      "annualized_return": 0.28026668857248804,
      "sharpe": 1.9234639465347685,
      "max_drawdown": 0.10639021589977316,
      "count": 716
    }
  },
  "volatility": {
    "high_vol": {
      "total_return": 0.5891324536945048,
      "annualized_return": 0.47182252516703893,
      "sharpe": 1.3467851685381365,
      "max_drawdown": 0.2960297144218643,
      "count": 302
    },
    "low_vol": {
      "total_return": 0.27382937163701415,
      "annualized_return": 0.09063284727052956,
      "sharpe": 0.642608845160316,
      "max_drawdown": 0.22101818750294588,
      "count": 703
    }
  }
}