{
  "name": "seed_2",
  "seed": 2,
  "config": {
    "gamma": 0.99,
    "gae_lambda": 0.95,
    "clip_eps": 0.2,
    "entropy_coef": 0.01,
    "value_coef": 0.5,
    "lr": 0.0003,
    "max_grad_norm": 0.5,
    "update_epochs": 10,
    "minibatch_size": 64,
    "steps_per_epoch": 1024,
    "epochs": 8,
    "log_interval": 2,
    "device": "cpu"
  },
  "train_metrics": {
    "epoch": [
      0,
      1,
      2,
      3,
      4,
      5,
      6,
      7
    ],
    "mean_reward": [
      0.00027321436209604144,
      -0.00012879574205726385,
      0.00035380671033635736,
      0.0001278109848499298,
      -8.133505616569892e-05,
      0.000532577105332166,
      0.00012000926653854549,
      0.0006451242952607572
    ],
    "policy_loss": [
      -0.18702822923660278,
      -0.06946398317813873,
      0.1971023678779602,
      0.06943383067846298,
      -0.022323984652757645,
      0.017046622931957245,
      -0.03969329595565796,
      0.05992970988154411
    ],
    "value_loss": [
      0.0006552160484716296,
      0.0021633089054375887,
      0.0013773026876151562,
      0.002467708196491003,
      0.0007734334794804454,
      0.0005230108508840203,
      0.0011498545063659549,
      0.0006234165630303323
    ],
    "entropy": [
      0.5547203421592712,
      0.5370953679084778,
      0.5649127960205078,
      0.5208010673522949,
      0.4872722029685974,
      0.4803035855293274,
      0.4274371862411499,
      0.47625064849853516
    ],
    "approx_kl": [
      0.0,
      0.0008636319544166327,
      0.0,
      0.0,
      0.011399896815419197,
      0.0,
      0.0032955333590507507,
      0.0015267266426235437
    ]
  },
  "test_metrics": {
    "total_return": 0.18121941052723822,
    "annualized_return": 0.04264537659803125,
    "sharpe": 0.1890040956749089,
    "max_drawdown": 0.28671298783838706
  }
}