{
  "epoch": [
    0,
    1,
    2,
    3,
    4,
    5,
    6,
    7
  ],
  "mean_reward": [
    0.0004361526225693524,
    0.00029846426332369447,
    0.00018193843425251544,
    0.00021478021517395973,
    -5.634332774206996e-05,
    0.0002027911541517824,
    0.00030120275914669037,
    0.0006220741779543459
  ],
  "policy_loss": [
    -0.03660533204674721,
    0.29381367564201355,
    -0.030931346118450165,
    -0.07738550752401352,
    -0.15392519533634186,
    -0.046180546283721924,
    -0.06986205279827118,
    -0.127266988158226
  ],
  "value_loss": [
    0.000769025762565434,
    0.0007503827218897641,
    0.0013150357408449054,
    0.0011001231614500284,
    0.0015386827290058136,
    0.001146507216617465,
    0.0006321711116470397,
    0.0004623925779014826
  ],
  "entropy": [
    0.6175105571746826,
    0.5875638127326965,
    0.5830790996551514,
    0.5316516757011414,
    0.4812062382698059,
    0.4614209532737732,
    0.40623506903648376,
    0.402724951505661
  ],
  "approx_kl": [
    0.004984917119145393,
    0.005050020758062601,
    0.0,
    0.0,
    0.0005041128024458885,
    0.0076215933077037334,
    0.0018696330953389406,
    0.0019554297905415297
  ]
}