{
  "name": "seed_0",
  "seed": 0,
  "config": {
    "gamma": 0.99,
    "gae_lambda": 0.95,
    "clip_eps": 0.2,
    "entropy_coef": 0.01,
    "value_coef": 0.5,
    "lr": 0.0003,
    "max_grad_norm": 0.5,
    "update_epochs": 10,
    "minibatch_size": 64,
    "steps_per_epoch": 1024,
    "epochs": 8,
    "log_interval": 2,
    "device": "cpu"
  },
  "train_metrics": {
    "epoch": [
      0,
      1,
      2,
      3,
      4,
      5,
      6,
      7
    ],
    "mean_reward": [
      0.00013654251233674586,
      0.0007634317735210061,
      -0.0002373289898969233,
      0.00014659904991276562,
      -4.9882830353453755e-05,
      0.0001920665381476283,
      0.00016123401292134076,
      0.0008914271602407098
    ],
    "policy_loss": [
      -0.027147499844431877,
      -0.023708399385213852,
      -0.1325024962425232,
      0.12293767184019089,
      -0.10317674279212952,
      0.06261372566223145,
      -0.06149016320705414,
      -0.07047424465417862
    ],
    "value_loss": [
      0.0009730025194585323,
      0.0006245790282264352,
      0.0007020030170679092,
      0.0005658974987454712,
      0.0009809165494516492,
      0.0007596919895149767,
      0.00042638008017092943,
      0.0006480900337919593
    ],
    "entropy": [
      0.604421854019165,
      0.6626167893409729,
      0.6810532808303833,
      0.6427837014198303,
      0.5961009860038757,
      0.583245038986206,
      0.5459058284759521,
      0.5442818999290466
    ],
    "approx_kl": [
      0.0,
      0.0044828616082668304,
      0.0,
      0.00696549890562892,
      0.0051588998176157475,
      0.0,
      0.004282800480723381,
      0.0
    ]
  },
  "test_metrics": {
    "total_return": 0.14362507032582528,
    "annualized_return": 0.03422352466437961,
    "sharpe": 0.15184736325146378,
    "max_drawdown": 0.472296381777668
  }
}