{
  "name": "seed_1",
  "seed": 1,
  "config": {
    "gamma": 0.99,
    "gae_lambda": 0.95,
    "clip_eps": 0.2,
    "entropy_coef": 0.01,
    "value_coef": 0.5,
    "lr": 0.0003,
    "max_grad_norm": 0.5,
    "update_epochs": 10,
    "minibatch_size": 64,
    "steps_per_epoch": 1024,
    "epochs": 8,
    "log_interval": 2,
    "device": "cpu"
  },
  "train_metrics": {
    "epoch": [
      0,
      1,
      2,
      3,
      4,
      5,
      6,
      7
    ],
    "mean_reward": [
      0.000523050082847476,
      0.0001758745202096179,
      0.00030474233790300786,
      0.0002266605879412964,
      0.0004678047262132168,
      0.0003916970163118094,
      0.00013728336489293724,
      0.0007209730101749301
    ],
    "policy_loss": [
      0.002125346101820469,
      0.005652919411659241,
      -0.24646367132663727,
      -0.0972081869840622,
      0.12082883715629578,
      0.11224556714296341,
      -0.05128861591219902,
      -0.023474954068660736
    ],
    "value_loss": [
      0.001005325699225068,
      0.0009990124963223934,
      0.0012335034552961588,
      0.0008159874705597758,
      0.0005283035570755601,
      0.0007346459897235036,
      0.0008833525353111327,
      0.000665073050186038
    ],
    "entropy": [
      0.5556197166442871,
      0.5016317963600159,
      0.46492433547973633,
      0.5084604024887085,
      0.4434478282928467,
      0.41530174016952515,
      0.37246042490005493,
      0.35884779691696167
    ],
    "approx_kl": [
      0.0,
      0.00286612706258893,
      0.03008871152997017,
      0.0,
      0.005073326639831066,
      0.0,
      0.009578495286405087,
      0.004498821683228016
    ]
  },
  "test_metrics": {
    "total_return": 1.4262100614722115,
    "annualized_return": 0.24887611538377574,
    "sharpe": 1.1059334453646037,
    "max_drawdown": 0.23365615253063554
  }
}