{
  "epoch": [
    0,
    1,
    2,
    3,
    4,
    5,
    6,
    7
  ],
  "mean_reward": [
    0.00029604724841192365,
    0.00026307650841772556,
    0.00016947189578786492,
    0.0001854323345469311,
    0.00017104788275901228,
    9.895070979837328e-05,
    0.00012046992196701467,
    0.00032705816556699574
  ],
  "policy_loss": [
    -0.03998682275414467,
    0.04881065711379051,
    -0.008394518867135048,
    0.2347465306520462,
    0.13931407034397125,
    0.01747635006904602,
    -0.02433539181947708,
    -0.30473339557647705
  ],
  "value_loss": [
    0.0009334147907793522,
    0.0007494479650631547,
    0.0008425787673331797,
    0.0012074324768036604,
    0.000831988756544888,
    0.0011695855064317584,
    0.0007657076930627227,
    0.0008628202485851943
  ],
  "entropy": [
    0.5658750534057617,
    0.612932562828064,
    0.5908038020133972,
    0.5024348497390747,
    0.5027637481689453,
    0.43817129731178284,
    0.40503039956092834,
    0.45011305809020996
  ],
  "approx_kl": [
    0.001998371444642544,
    0.0,
    0.0,
    0.017916128039360046,
    0.0,
    0.008904216811060905,
    0.0,
    0.0
  ]
}