name,total_return,annualized_return,sharpe,max_drawdown
seed_0,0.14362507032582528,0.03422352466437961,0.15184736325146378,0.472296381777668
seed_1,1.4262100614722115,0.24887611538377574,1.1059334453646037,0.23365615253063554
seed_2,0.18121941052723822,0.04264537659803125,0.1890040956749089,0.28671298783838706
seed_3,0.9733485832946729,0.18582677847284135,0.8218944074949823,0.22398176275051884
seed_4,0.5408463131149273,0.11449968426672474,0.5067346013603743,0.3512698039341301
