{
  "seed_0": {
    "total_return": 0.14362507032582528,
    "annualized_return": 0.03422352466437961,
    "sharpe": 0.15184736325146378,
    "max_drawdown": 0.472296381777668
  },
  "seed_1": {
    "total_return": 1.4262100614722115,
    "annualized_return": 0.24887611538377574,
    "sharpe": 1.1059334453646037,
    "max_drawdown": 0.23365615253063554
  },
  "seed_2": {
    "total_return": 0.18121941052723822,
    "annualized_return": 0.04264537659803125,
    "sharpe": 0.1890040956749089,
    "max_drawdown": 0.28671298783838706
  },
  "seed_3": {
    "total_return": 0.9733485832946729,
    "annualized_return": 0.18582677847284135,
    "sharpe": 0.8218944074949823,
    "max_drawdown": 0.22398176275051884
  },
  "seed_4": {
    "total_return": 0.5408463131149273,
    "annualized_return": 0.11449968426672474,
    "sharpe": 0.5067346013603743,
    "max_drawdown": 0.3512698039341301
  }
}