{
  "PPO": {
    "total_return": -0.1991945393291551,
    "annualized_return": -0.05687363540407475,
    "sharpe": -0.3127063702990975,
    "max_drawdown": 0.36155667758603927
  },
  "BuyAndHold": {
    "total_return": 0.8794674040468982,
    "annualized_return": 0.1809597991857832,
    "sharpe": 0.8687769800573021,
    "max_drawdown": 0.24496392416327206
  },
  "MACrossover": {
    "total_return": -0.19986058956317954,
    "annualized_return": -0.05708047112109749,
    "sharpe": -0.27361401402930124,
    "max_drawdown": 0.46690679020007353
  }
}