{
  "epoch": [
    0,
    1,
    2,
    3,
    4,
    5,
    6,
    7,
    8,
    9
  ],
  "mean_reward": [
    -2.786549157463014e-05,
    -0.00022664947027806193,
    0.0004743965691886842,
    -0.00024781603133305907,
    0.0005862742546014488,
    0.00030936123221181333,
    0.0006440440774895251,
    0.000578663544729352,
    0.00014999281847849488,
    0.0005854169139638543
  ],
  "policy_loss": [
    -0.07235266268253326,
    -0.034187186509370804,
    -0.09419301897287369,
    -0.062764011323452,
    0.0027752742171287537,
    0.07714830338954926,
    -0.2042001187801361,
    0.12941184639930725,
    0.03953520581126213,
    -0.09150499105453491
  ],
  "value_loss": [
    0.0006202123477123678,
    0.0004455505695659667,
    0.0011342728976160288,
    0.0010472525609657168,
    0.00044854424777440727,
    0.0014472717884927988,
    0.0005176518461667001,
    0.000634685275144875,
    0.0005785304820165038,
    0.0005310348933562636
  ],
  "entropy": [
    1.0657554864883423,
    1.0535099506378174,
    1.008455753326416,
    0.9813803434371948,
    0.8977181911468506,
    0.9634208679199219,
    0.8848651647567749,
    0.8497409820556641,
    0.7911664247512817,
    0.7356737852096558
  ],
  "approx_kl": [
    0.0,
    0.0,
    0.0,
    0.0,
    0.0,
    0.020742209628224373,
    0.02096826210618019,
    0.019971203058958054,
    0.0,
    0.0
  ]
}