{
  "epoch": [
    0,
    1,
    2,
    3,
    4,
    5,
    6,
    7,
    8,
    9
  ],
  "mean_reward": [
    -0.0005735185695812106,
    -0.0005735185695812106,
    -0.0005735185695812106,
    -0.0005735185695812106,
    -0.0005735185695812106,
    -0.0005735185695812106,
    -0.0005735185695812106,
    -0.0005735185695812106,
    -0.0005735185695812106,
    -0.0005735185695812106
  ],
  "policy_loss": [
    0.17754454910755157,
    -0.10456185042858124,
    -0.05122805014252663,
    -0.050952546298503876,
    -0.08048997819423676,
    0.2536383867263794,
    0.034851983189582825,
    -0.1179870143532753,
    -0.034072861075401306,
    0.03458505868911743
  ],
  "value_loss": [
    0.01617545634508133,
    0.03901755064725876,
    0.005481872707605362,
    0.004764031618833542,
    0.004865673370659351,
    0.004538483452051878,
    0.004115579649806023,
    0.004096525721251965,
    0.0010005610529333353,
    0.0033601722680032253
  ],
  "entropy": [
    1.205945352467097e-07,
    1.2144502647970512e-07,
    1.2151781447755639e-07,
    1.2205269683818187e-07,
    1.2587864262059156e-07,
    1.285513633320079e-07,
    3.4655269587346993e-07,
    3.737770839506993e-07,
    3.2393603532909765e-07,
    2.770067908386409e-07
  ],
  "approx_kl": [
    0.0,
    0.0,
    0.0,
    0.0,
    0.0,
    0.0,
    0.0,
    0.0,
    0.0,
    0.0
  ]
}