{
  "epoch": [
    0,
    1,
    2,
    3,
    4,
    5,
    6,
    7,
    8,
    9
  ],
  "mean_reward": [
    0.00012185769446659833,
    -4.065376924700104e-05,
    9.632567525841296e-05,
    0.00030112056992948055,
    -4.110040026716888e-05,
    -0.00037681206595152617,
    -0.0007543708197772503,
    0.00021371431648731232,
    1.1387528502382338e-06,
    -0.00024422461865469813
  ],
  "policy_loss": [
    -0.014783060178160667,
    -0.15132971107959747,
    -0.17093710601329803,
    -0.0070554763078689575,
    -0.041710015386343,
    0.05811779573559761,
    0.09992887079715729,
    0.06933775544166565,
    -0.14932359755039215,
    0.1328788697719574
  ],
  "value_loss": [
    0.0007179073290899396,
    0.0006672801682725549,
    0.0009643551893532276,
    0.0009536704164929688,
    0.0006207571714185178,
    0.0007199923857115209,
    0.0008383709355257452,
    0.000846349576022476,
    0.0007786325877532363,
    0.0005661688046529889
  ],
  "entropy": [
    1.0804550647735596,
    1.096069574356079,
    1.0946812629699707,
    1.0771507024765015,
    1.096360206604004,
    1.0771468877792358,
    1.0906603336334229,
    1.0679969787597656,
    1.075050950050354,
    1.0413262844085693
  ],
  "approx_kl": [
    0.0,
    0.030974745750427246,
    0.002956467680633068,
    0.00847661029547453,
    0.02156756818294525,
    0.0,
    0.016896329820156097,
    0.009730015881359577,
    0.0,
    0.004182891920208931
  ]
}