{
  "name": "clip0.2_ent0.01",
  "config": {
    "gamma": 0.99,
    "gae_lambda": 0.95,
    "clip_eps": 0.2,
    "entropy_coef": 0.01,
    "value_coef": 0.5,
    "lr": 0.0003,
    "max_grad_norm": 0.5,
    "update_epochs": 10,
    "minibatch_size": 64,
    "steps_per_epoch": 1024,
    "epochs": 8,
    "log_interval": 2,
    "device": "cpu"
  },
  "train_metrics": {
    "epoch": [
      0,
      1,
      2,
      3,
      4,
      5,
      6,
      7
    ],
    "mean_reward": [
      0.0005833097966387868,
      0.0004780823946930468,
      0.00022050073312129825,
      0.00030010310001671314,
      0.0003241272352170199,
      0.00039518490666523576,
      0.0005285433726385236,
      0.000545322080142796
    ],
    "policy_loss": [
      0.13386720418930054,
      0.16451109945774078,
      -0.214715838432312,
      -0.09248393774032593,
      -0.21939730644226074,
      0.09771088510751724,
      -0.1342308223247528,
      -0.2061869502067566
    ],
    "value_loss": [
      0.007504716515541077,
      0.005979978479444981,
      0.00558211375027895,
      0.0021761718671768904,
      0.0037731558550149202,
      0.0024057612754404545,
      0.0006020274013280869,
      0.0014002323150634766
    ],
    "entropy": [
      0.49173733592033386,
      0.4904402494430542,
      0.39636409282684326,
      0.2896357774734497,
      0.3231081962585449,
      0.2936527729034424,
      0.37049227952957153,
      0.41954436898231506
    ],
    "approx_kl": [
      0.16042491793632507,
      0.0,
      0.0,
      0.0,
      0.013427777215838432,
      0.013699686154723167,
      0.011589301750063896,
      0.006027002818882465
    ]
  },
  "test_metrics": {
    "total_return": 0.558095019074853,
    "annualized_return": 0.11761497329577719,
    "sharpe": 0.5197981335818351,
    "max_drawdown": 0.3371727952679091
  }
}