{
  "name": "clip0.3_ent0.01",
  "config": {
    "gamma": 0.99,
    "gae_lambda": 0.95,
    "clip_eps": 0.3,
    "entropy_coef": 0.01,
    "value_coef": 0.5,
    "lr": 0.0003,
    "max_grad_norm": 0.5,
    "update_epochs": 10,
    "minibatch_size": 64,
    "steps_per_epoch": 1024,
    "epochs": 8,
    "log_interval": 2,
    "device": "cpu"
  },
  "train_metrics": {
    "epoch": [
      0,
      1,
      2,
      3,
      4,
      5,
      6,
      7
    ],
    "mean_reward": [
      0.0,
      0.0,
      0.0,
      0.0,
      0.0,
      0.0,
      0.0,
      0.0
    ],
    "policy_loss": [
      0.02410835400223732,
      0.05733702331781387,
      -0.022090312093496323,
      -0.12725313007831573,
      -0.06722317636013031,
      -0.043095819652080536,
      0.05530368536710739,
      0.07320293039083481
    ],
    "value_loss": [
      0.0043198112398386,
      0.00022166941198520362,
      0.000517376814968884,
      0.0005989752244204283,
      0.0004642654675990343,
      8.258517482317984e-05,
      0.0003189579292666167,
      0.0037360810674726963
    ],
    "entropy": [
      2.5286925620093825e-07,
      2.7844549777000793e-07,
      3.1817165790926083e-07,
      3.7461947499650705e-07,
      3.084226989358285e-07,
      3.9901397030916996e-07,
      2.799805258746346e-07,
      2.4286904931614117e-07
    ],
    "approx_kl": [
      0.0,
      0.0,
      0.0,
      0.0,
      0.0,
      0.0,
      0.0,
      0.0
    ]
  },
  "test_metrics": {
    "total_return": 0.0,
    "annualized_return": 0.0,
    "sharpe": 0.0,
    "max_drawdown": 0.0
  }
}