{
  "epoch": [
    0,
    1,
    2,
    3,
    4,
    5,
    6,
    7
  ],
  "mean_reward": [
    0.0005154098034836352,
    0.00048383796820417047,
    0.0003412430814933032,
    0.0003934086416848004,
    0.0004299888969399035,
    0.0006367698078975081,
    0.00031729397596791387,
    0.00041262712329626083
  ],
  "policy_loss": [
    -0.010166764259338379,
    -0.08554209768772125,
    -0.17035967111587524,
    -0.008026767522096634,
    0.2236342430114746,
    -0.030422605574131012,
    -0.0739375650882721,
    0.022930512204766273
  ],
  "value_loss": [
    0.005931742023676634,
    0.004980689845979214,
    0.006218623369932175,
    0.0033669453114271164,
    0.001680130255408585,
    0.0038369246758520603,
    0.0015942608006298542,
    0.0017057608347386122
  ],
  "entropy": [
    0.1996348798274994,
    0.3640771508216858,
    0.3207431137561798,
    0.4671871066093445,
    0.44484207034111023,
    0.4620111882686615,
    0.3792474865913391,
    0.48156294226646423
  ],
  "approx_kl": [
    0.0,
    0.012222951278090477,
    0.0,
    0.0006540128961205482,
    0.002952183596789837,
    0.0010216282680630684,
    0.0,
    0.00698034418746829
  ]
}