{
  "name": "clip0.1_ent0.00",
  "config": {
    "gamma": 0.99,
    "gae_lambda": 0.95,
    "clip_eps": 0.1,
    "entropy_coef": 0.0,
    "value_coef": 0.5,
    "lr": 0.0003,
    "max_grad_norm": 0.5,
    "update_epochs": 10,
    "minibatch_size": 64,
    "steps_per_epoch": 1024,
    "epochs": 8,
    "log_interval": 2,
    "device": "cpu"
  },
  "train_metrics": {
    "epoch": [
      0,
      1,
      2,
      3,
      4,
      5,
      6,
      7
    ],
    "mean_reward": [
      -0.000573518336750567,
      -0.0006151569541543722,
      -0.0006073166150599718,
      -0.00045479286927729845,
      -0.0006346034933812916,
      -0.0004965546540915966,
      -0.0006582983769476414,
      -0.0005879168747924268
    ],
    "policy_loss": [
      -0.06775836646556854,
      -0.054320402443408966,
      -0.14125773310661316,
      0.005662310868501663,
      -0.19852612912654877,
      0.1360662281513214,
      -0.15940701961517334,
      0.015071868896484375
    ],
    "value_loss": [
      0.021403541788458824,
      0.01508332509547472,
      0.012284299358725548,
      0.009034829214215279,
      0.006430937442928553,
      0.004729307256639004,
      0.006996505428105593,
      0.004365294240415096
    ],
    "entropy": [
      0.27950459718704224,
      0.2454364150762558,
      0.2827872633934021,
      0.2267521321773529,
      0.19028988480567932,
      0.1702485829591751,
      0.17212766408920288,
      0.3466455340385437
    ],
    "approx_kl": [
      0.06859217584133148,
      0.0,
      0.0074854278936982155,
      0.018596645444631577,
      0.000352404429577291,
      0.0,
      0.008919326588511467,
      0.035005271434783936
    ]
  },
  "test_metrics": {
    "total_return": -0.47691753793599956,
    "annualized_return": -0.1499733977053077,
    "sharpe": -0.6628058895002394,
    "max_drawdown": 0.617889047354126
  }
}