{
  "epoch": [
    0,
    1,
    2,
    3,
    4,
    5,
    6,
    7
  ],
  "mean_reward": [
    -0.00025541303330101073,
    0.00010882010974455625,
    -3.787377499975264e-05,
    -0.00026230746880173683,
    -2.2543026716448367e-05,
    0.0004615970537997782,
    5.125052121002227e-05,
    0.00039609690429642797
  ],
  "policy_loss": [
    -0.2032347321510315,
    -0.05684078484773636,
    0.14600753784179688,
    -0.1105014979839325,
    -0.07608869671821594,
    -0.22645652294158936,
    0.17342230677604675,
    0.20058977603912354
  ],
  "value_loss": [
    0.0006440863362513483,
    0.00044244868331588805,
    0.0005893177003599703,
    0.0003378921828698367,
    0.0004914300516247749,
    0.0008613314712420106,
    0.0009135011932812631,
    0.0008769015548750758
  ],
  "entropy": [
    1.097561001777649,
    1.0946379899978638,
    1.0911993980407715,
    1.096982717514038,
    1.0948147773742676,
    1.0946118831634521,
    1.0881904363632202,
    1.079150676727295
  ],
  "approx_kl": [
    0.002113932743668556,
    0.005334405228495598,
    0.004390324465930462,
    0.0,
    0.0052000489085912704,
    0.006614546291530132,
    0.004687164910137653,
    0.01393607072532177
  ]
}