{
  "epoch": [
    0,
    1,
    2,
    3,
    4,
    5,
    6,
    7
  ],
  "mean_reward": [
    0.0006020324071869254,
    0.0005782757652923465,
    0.0005119784618727863,
    0.0005216447170823812,
    0.0006335991201922297,
    0.0005200882442295551,
    0.00048027565935626626,
    0.0005754787707701325
  ],
  "policy_loss": [
    -0.14839713275432587,
    -0.1512671411037445,
    0.1628149449825287,
    -0.23366937041282654,
    0.20256048440933228,
    0.029859177768230438,
    0.057152923196554184,
    0.04633390158414841
  ],
  "value_loss": [
    0.005907065700739622,
    0.0030215075239539146,
    0.003978056367486715,
    0.0024080099537968636,
    0.005673563573509455,
    0.0032926895655691624,
    0.002253456274047494,
    0.001836304203607142
  ],
  "entropy": [
    0.19017337262630463,
    0.1535741090774536,
    0.15530872344970703,
    0.18517336249351501,
    0.12168963998556137,
    0.12460862845182419,
    0.060879774391651154,
    0.05289309471845627
  ],
  "approx_kl": [
    0.0,
    0.0,
    0.0007855271105654538,
    0.0002873853372875601,
    0.00807679258286953,
    4.373723641037941e-07,
    0.030987853184342384,
    0.000921094324439764
  ]
}