{
  "epoch": [
    0,
    1,
    2,
    3,
    4,
    5,
    6,
    7
  ],
  "mean_reward": [
    -0.00019421598699409515,
    -5.290792614687234e-05,
    0.00022515517775900662,
    1.2856828107032925e-05,
    0.0003427370684221387,
    -0.00036000669933855534,
    0.0005025117425248027,
    0.0001700879365671426
  ],
  "policy_loss": [
    0.11472149938344955,
    -0.011262305080890656,
    0.05400256812572479,
    -0.14222407341003418,
    -0.08648031204938889,
    0.09727758169174194,
    0.09741169214248657,
    -0.0575968436896801
  ],
  "value_loss": [
    0.0004296617116779089,
    0.0006706096464768052,
    0.0003443116438575089,
    0.0004151762695983052,
    0.000347460329066962,
    0.0010683918371796608,
    0.0004908155533485115,
    0.0005212672404013574
  ],
  "entropy": [
    1.0819010734558105,
    1.0883803367614746,
    1.0978552103042603,
    1.0867187976837158,
    1.061988353729248,
    1.012155294418335,
    1.0235776901245117,
    0.9632387161254883
  ],
  "approx_kl": [
    0.024950973689556122,
    0.015641959384083748,
    0.0,
    0.0,
    0.04507722705602646,
    0.02671520598232746,
    0.002076290547847748,
    0.029370903968811035
  ]
}