{
  "name": "clip0.2_ent0.01",
  "config": {
    "gamma": 0.99,
    "gae_lambda": 0.95,
    "clip_eps": 0.2,
    "entropy_coef": 0.01,
    "value_coef": 0.5,
    "lr": 0.0003,
    "max_grad_norm": 0.5,
    "update_epochs": 10,
    "minibatch_size": 64,
    "steps_per_epoch": 1024,
    "epochs": 8,
    "log_interval": 2,
    "device": "cpu"
  },
  "train_metrics": {
    "epoch": [
      0,
      1,
      2,
      3,
      4,
      5,
      6,
      7
    ],
    "mean_reward": [
      -0.000573518336750567,
      -0.000573518336750567,
      -0.000573518336750567,
      -0.000573518336750567,
      -0.000573518336750567,
      -0.000573518336750567,
      -0.000573518336750567,
      -0.000573518336750567
    ],
    "policy_loss": [
      -0.21357491612434387,
      -0.022614553570747375,
      0.09041536599397659,
      -0.02567315846681595,
      0.11290903389453888,
      -0.13138458132743835,
      -0.11903420835733414,
      -0.20679612457752228
    ],
    "value_loss": [
      0.10977248102426529,
      0.031075187027454376,
      0.03424440324306488,
      0.028934650123119354,
      0.014834843575954437,
      0.005677063949406147,
      0.01696479506790638,
      0.006261872593313456
    ],
    "entropy": [
      7.290826715689036e-07,
      4.890181344308075e-07,
      2.7082191422778124e-07,
      3.325450563806953e-07,
      3.6979130868530774e-07,
      4.174917762611585e-07,
      4.079167013060214e-07,
      4.542987426248146e-07
    ],
    "approx_kl": [
      0.0,
      0.0,
      0.0,
      0.0,
      0.0,
      0.0,
      0.0,
      0.0
    ]
  },
  "test_metrics": {
    "total_return": -0.47691753793599956,
    "annualized_return": -0.1499733977053077,
    "sharpe": -0.6628058895002394,
    "max_drawdown": 0.617889047354126
  }
}