{
  "epoch": [
    0,
    1,
    2,
    3,
    4,
    5,
    6,
    7
  ],
  "mean_reward": [
    -0.00047350669046863914,
    0.00018312066094949841,
    -2.2688320314045995e-05,
    0.00034099671756848693,
    0.00046934501733630896,
    6.320513784885406e-05,
    9.498563304077834e-05,
    0.00024368439335376024
  ],
  "policy_loss": [
    0.08083362877368927,
    0.06383278965950012,
    -0.024679847061634064,
    -0.18253737688064575,
    -0.020589355379343033,
    -0.29503852128982544,
    -0.15043285489082336,
    -0.10573625564575195
  ],
  "value_loss": [
    0.00039745087269693613,
    0.0005738647887483239,
    0.00032567567541264,
    0.0006753014167770743,
    0.00045741957728751004,
    0.00042076606769114733,
    0.0003834686358459294,
    0.0003950879327021539
  ],
  "entropy": [
    1.0546667575836182,
    0.9809730052947998,
    0.9038500189781189,
    0.9384528994560242,
    1.014395833015442,
    0.9503697156906128,
    0.942255973815918,
    0.8777339458465576
  ],
  "approx_kl": [
    0.0,
    0.041277945041656494,
    0.0,
    0.0,
    0.0,
    0.0,
    0.0,
    0.0180209893733263
  ]
}