{
  "epoch": [
    0,
    1,
    2,
    3,
    4,
    5,
    6,
    7
  ],
  "mean_reward": [
    0.0005735179875046015,
    0.0005735179875046015,
    0.0005735179875046015,
    0.0005735179875046015,
    0.0005735179875046015,
    0.0005735179875046015,
    0.0005735179875046015,
    0.0005735179875046015
  ],
  "policy_loss": [
    -0.07541497051715851,
    -0.09043732285499573,
    0.0454181469976902,
    -0.23612862825393677,
    0.31925100088119507,
    0.025670021772384644,
    0.20571303367614746,
    -0.07360245287418365
  ],
  "value_loss": [
    0.007358647882938385,
    0.007944762706756592,
    0.014044229872524738,
    0.008355229161679745,
    0.003355882130563259,
    0.006865244824439287,
    0.0005744300433434546,
    0.0007784785702824593
  ],
  "entropy": [
    3.952054612454958e-07,
    2.6765593474920024e-07,
    2.8468411983340047e-07,
    4.4883063310408033e-07,
    2.44625766754325e-07,
    3.4544891036603076e-07,
    2.6022289034699497e-07,
    3.3277765965067374e-07
  ],
  "approx_kl": [
    0.0,
    0.0,
    0.0,
    0.0,
    0.0,
    0.0,
    0.0,
    0.0
  ]
}