{
  "name": "gamma0.95_lambda0.90",
  "config": {
    "gamma": 0.95,
    "gae_lambda": 0.9,
    "clip_eps": 0.2,
    "entropy_coef": 0.01,
    "value_coef": 0.5,
    "lr": 0.0003,
    "max_grad_norm": 0.5,
    "update_epochs": 10,
    "minibatch_size": 64,
    "steps_per_epoch": 1024,
    "epochs": 8,
    "log_interval": 2,
    "device": "cpu"
  },
  "train_metrics": {
    "epoch": [
      0,
      1,
      2,
      3,
      4,
      5,
      6,
      7
    ],
    "mean_reward": [
      -0.000573518336750567,
      -0.000573518336750567,
      -0.000573518336750567,
      -0.000573518336750567,
      -0.000573518336750567,
      -0.000573518336750567,
      -0.000573518336750567,
      -0.000573518336750567
    ],
    "policy_loss": [
      0.10690721124410629,
      -0.23506557941436768,
      0.05536246672272682,
      -0.02215336449444294,
      0.00825260579586029,
      0.11219290643930435,
      0.016474582254886627,
      0.09467113763093948
    ],
    "value_loss": [
      0.38434261083602905,
      0.94118332862854,
      0.005145343020558357,
      0.012797892093658447,
      0.03861862048506737,
      0.00141965935472399,
      0.010423879139125347,
      0.0004245426971465349
    ],
    "entropy": [
      1.1985881087639427e-07,
      1.2038701413530362e-07,
      1.205090853773072e-07,
      1.2096977286546462e-07,
      1.2151426176387758e-07,
      1.225202055366026e-07,
      1.6554628246012726e-07,
      2.599132926661696e-07
    ],
    "approx_kl": [
      0.0,
      0.0,
      0.0,
      0.0,
      0.0,
      0.0,
      0.0,
      0.0
    ]
  },
  "test_metrics": {
    "total_return": -0.47691753793599956,
    "annualized_return": -0.1499733977053077,
    "sharpe": -0.6628058895002394,
    "max_drawdown": 0.617889047354126
  }
}