{
  "name": "gamma0.95_lambda0.90",
  "config": {
    "gamma": 0.95,
    "gae_lambda": 0.9,
    "clip_eps": 0.2,
    "entropy_coef": 0.01,
    "value_coef": 0.5,
    "lr": 0.0003,
    "max_grad_norm": 0.5,
    "update_epochs": 10,
    "minibatch_size": 64,
    "steps_per_epoch": 1024,
    "epochs": 8,
    "log_interval": 2,
    "device": "cpu"
  },
  "train_metrics": {
    "epoch": [
      0,
      1,
      2,
      3,
      4,
      5,
      6,
      7
    ],
    "mean_reward": [
      0.0001394683204125613,
      -0.00010307933553121984,
      -0.0001779465819709003,
      6.337063678074628e-05,
      -0.00022209806775208563,
      0.00033986830385401845,
      3.111329715466127e-05,
      3.615883179008961e-05
    ],
    "policy_loss": [
      -0.04268522560596466,
      0.033927157521247864,
      0.0168303195387125,
      0.006055787205696106,
      0.02259793132543564,
      -0.15799503028392792,
      0.17051109671592712,
      0.08630329370498657
    ],
    "value_loss": [
      0.00022287009051069617,
      0.0004013593716081232,
      0.00021585823560599238,
      0.00011825198453152552,
      0.00039676675805822015,
      0.0002372911258134991,
      0.000395984883653,
      0.0002236994623672217
    ],
    "entropy": [
      1.0874828100204468,
      1.0717859268188477,
      1.0648388862609863,
      1.0869778394699097,
      1.0755709409713745,
      1.057071566581726,
      1.0786314010620117,
      1.0869100093841553
    ],
    "approx_kl": [
      0.010680905543267727,
      0.0,
      0.018069420009851456,
      0.019747499376535416,
      0.0,
      0.001775382086634636,
      0.0,
      0.0
    ]
  },
  "test_metrics": {
    "total_return": 0.1498285833046311,
    "annualized_return": 0.03562737969286478,
    "sharpe": 0.19536483095999777,
    "max_drawdown": 0.23104034096309667
  }
}