name,total_return,annualized_return,sharpe,max_drawdown
clip0.1_ent0.00,-0.47691753793599956,-0.1499733977053077,-0.6628058895002394,0.617889047354126
clip0.2_ent0.01,-0.47691753793599956,-0.1499733977053077,-0.6628058895002394,0.617889047354126
clip0.3_ent0.01,0.5580945983611456,0.11761489762652233,0.5197978310327219,0.3371727142379062
gamma0.95_lambda0.90,-0.47691753793599956,-0.1499733977053077,-0.6628058895002394,0.617889047354126
