name,total_return,annualized_return,sharpe,max_drawdown
clip0.1_ent0.00,0.558095019074853,0.11761497329577719,0.5197981335818351,0.3371727952679091
clip0.2_ent0.01,0.558095019074853,0.11761497329577719,0.5197981335818351,0.3371727952679091
clip0.3_ent0.01,0.0,0.0,0.0,0.0
gamma0.95_lambda0.90,0.558095019074853,0.11761497329577719,0.5197981335818351,0.3371727952679091
