name,total_return,annualized_return,sharpe,max_drawdown
clip0.1_ent0.00,0.2658872847091194,0.060901769070234923,0.3000223122003842,0.279904854996595
clip0.2_ent0.01,-0.24498475229062588,-0.06803875520810476,-0.3232512599578799,0.586222521696852
clip0.3_ent0.01,-0.28033643643824957,-0.07917784690530993,-0.39726982313297143,0.3723645702155738
gamma0.95_lambda0.90,0.1498285833046311,0.03562737969286478,0.19536483095999777,0.23104034096309667
