{
  "clip0.1_ent0.00": {
    "total_return": -0.47691753793599956,
    "annualized_return": -0.1499733977053077,
    "sharpe": -0.6628058895002394,
    "max_drawdown": 0.617889047354126
  },
  "clip0.2_ent0.01": {
    "total_return": -0.47691753793599956,
    "annualized_return": -0.1499733977053077,
    "sharpe": -0.6628058895002394,
    "max_drawdown": 0.617889047354126
  },
  "clip0.3_ent0.01": {
    "total_return": 0.5580945983611456,
    "annualized_return": 0.11761489762652233,
    "sharpe": 0.5197978310327219,
    "max_drawdown": 0.3371727142379062
  },
  "gamma0.95_lambda0.90": {
    "total_return": -0.47691753793599956,
    "annualized_return": -0.1499733977053077,
    "sharpe": -0.6628058895002394,
    "max_drawdown": 0.617889047354126
  }
}