{
  "epoch": [
    0,
    1,
    2,
    3,
    4,
    5,
    6,
    7
  ],
  "mean_reward": [
    0.0002732283028308302,
    -0.00016205279098358005,
    0.0004267415206413716,
    2.6914873160421848e-05,
    -0.00011336587340338156,
    0.00030447059543803334,
    0.00010547551210038364,
    0.00045979299466125667
  ],
  "policy_loss": [
    -0.1852373629808426,
    -0.07778012752532959,
    0.2069895714521408,
    0.07025061547756195,
    0.02632102742791176,
    -0.035441264510154724,
    -0.029313132166862488,
    0.07041976600885391
  ],
  "value_loss": [
    0.0006465305341407657,
    0.0027239941991865635,
    0.0011524558067321777,
    0.003198215737938881,
    0.0007222928106784821,
    0.0006764129502698779,
    0.0008791323052719235,
    0.0006216784240677953
  ],
  "entropy": [
    0.5644652843475342,
    0.5307703614234924,
    0.5892021656036377,
    0.5673291087150574,
    0.5271306037902832,
    0.5648296475410461,
    0.521946907043457,
    0.5095617771148682
  ],
  "approx_kl": [
    0.0,
    0.005562092177569866,
    0.0,
    0.0,
    0.02263430692255497,
    0.005797018297016621,
    0.0,
    0.010896984487771988
  ]
}