{
  "epoch": [
    0,
    1,
    2,
    3,
    4,
    5,
    6,
    7
  ],
  "mean_reward": [
    0.00013653578935191035,
    0.000763418385758996,
    -0.00023732843692414463,
    0.000342165760230273,
    -3.336183726787567e-05,
    0.00023544032592326403,
    0.0003721051034517586,
    0.0008094495278783143
  ],
  "policy_loss": [
    -0.027140740305185318,
    -0.0236797034740448,
    -0.13850322365760803,
    0.08396635949611664,
    -0.11559663712978363,
    0.0729401484131813,
    -0.03892676159739494,
    -0.026657775044441223
  ],
  "value_loss": [
    0.0009730040328577161,
    0.0006245793774724007,
    0.0007091633160598576,
    0.000635264441370964,
    0.0007604657439514995,
    0.0006244715768843889,
    0.0003395054955035448,
    0.0007982273236848414
  ],
  "entropy": [
    0.6044081449508667,
    0.6626458764076233,
    0.6593486070632935,
    0.6266769170761108,
    0.5750387907028198,
    0.5691206455230713,
    0.5802801251411438,
    0.552203357219696
  ],
  "approx_kl": [
    0.0,
    0.0044901492074131966,
    0.0,
    0.0,
    0.0008726166561245918,
    4.125293344259262e-06,
    0.007237031124532223,
    0.007688998244702816
  ]
}