{
  "epoch": [
    0,
    1,
    2,
    3,
    4,
    5,
    6,
    7
  ],
  "mean_reward": [
    0.00024855186347849667,
    -0.00037080602487549186,
    -0.00043278743396513164,
    -0.00032164016738533974,
    -0.00038704214966855943,
    3.8407917600125074e-05,
    3.819008998107165e-05,
    0.00032114883651956916
  ],
  "policy_loss": [
    0.1094992384314537,
    0.09050153195858002,
    0.007938176393508911,
    -0.009777098894119263,
    -0.08489877730607986,
    -0.14779898524284363,
    0.05010174959897995,
    -0.06600601971149445
  ],
  "value_loss": [
    0.0004588041047099978,
    0.0008114669471979141,
    0.0005165737238712609,
    0.00048441410763189197,
    0.00040125372470356524,
    0.00047402328345924616,
    0.00024825046421028674,
    0.0006107196095399559
  ],
  "entropy": [
    1.0742732286453247,
    1.057724952697754,
    1.0291032791137695,
    0.9930596351623535,
    0.9996670484542847,
    0.9970216751098633,
    1.0530706644058228,
    1.0556344985961914
  ],
  "approx_kl": [
    0.021184537559747696,
    0.010134023614227772,
    0.0322326123714447,
    0.006359962746500969,
    0.0,
    0.013793129473924637,
    0.01634279638528824,
    0.019921287894248962
  ]
}