{
  "name": "seed_4_pre",
  "seed": 4,
  "pretrained": true,
  "config": {
    "gamma": 0.99,
    "gae_lambda": 0.95,
    "clip_eps": 0.2,
    "entropy_coef": 0.01,
    "value_coef": 0.5,
    "lr": 0.0003,
    "max_grad_norm": 0.5,
    "update_epochs": 10,
    "minibatch_size": 64,
    "steps_per_epoch": 1024,
    "epochs": 8,
    "log_interval": 2,
    "device": "cpu"
  },
  "train_metrics": {
    "epoch": [
      0,
      1,
      2,
      3,
      4,
      5,
      6,
      7
    ],
    "mean_reward": [
      0.00029606069438159466,
      0.0002630752860568464,
      0.0001694571546977386,
      0.0001854241854744032,
      0.0001710523501969874,
      9.25035128602758e-05,
      0.00012045322364429012,
      0.0003058823349419981
    ],
    "policy_loss": [
      -0.03998193144798279,
      0.04880167171359062,
      -0.00842108204960823,
      0.23469379544258118,
      0.13994109630584717,
      0.024650007486343384,
      -0.02436002343893051,
      -0.28954851627349854
    ],
    "value_loss": [
      0.0009335645590908825,
      0.000749393249861896,
      0.000842601410113275,
      0.0011630861554294825,
      0.0008320732740685344,
      0.0010922558140009642,
      0.0007735354010947049,
      0.0008252592524513602
    ],
    "entropy": [
      0.5658965110778809,
      0.6129352450370789,
      0.5909392237663269,
      0.5029422640800476,
      0.5016714334487915,
      0.4424460232257843,
      0.40151578187942505,
      0.4226743280887604
    ],
    "approx_kl": [
      0.0019968447741121054,
      0.0,
      0.0,
      0.017761625349521637,
      0.0,
      0.008186956867575645,
      0.0,
      0.0
    ]
  },
  "test_metrics": {
    "total_return": 0.23632605087591552,
    "annualized_return": 0.05463458960854295,
    "sharpe": 0.24168248549699614,
    "max_drawdown": 0.43148871917710685
  }
}