{
  "epoch": [
    0,
    1,
    2,
    3,
    4,
    5,
    6,
    7
  ],
  "mean_reward": [
    -0.0005935695371590555,
    -0.0004152037436142564,
    1.1659787560347468e-05,
    -0.00039606227073818445,
    -4.105441621504724e-05,
    -0.0001793804403860122,
    -0.00018236541654914618,
    7.984826515894383e-05
  ],
  "policy_loss": [
    0.09476422518491745,
    -0.07229837775230408,
    -0.02207326516509056,
    0.09373681247234344,
    0.015023630112409592,
    -0.09112029522657394,
    -0.03580839931964874,
    -0.24736757576465607
  ],
  "value_loss": [
    0.0008132678922265768,
    0.0006331740296445787,
    0.0004724913742393255,
    0.0009925281628966331,
    0.0006122654885984957,
    0.0012301738606765866,
    0.0007143389666453004,
    0.0006085974164307117
  ],
  "entropy": [
    1.092174768447876,
    1.0817301273345947,
    1.0715131759643555,
    1.0908870697021484,
    1.0974514484405518,
    1.0769606828689575,
    1.0906156301498413,
    1.08952796459198
  ],
  "approx_kl": [
    0.009880954399704933,
    0.012555552646517754,
    0.0,
    0.03947345167398453,
    0.0,
    0.02752166986465454,
    0.001224699430167675,
    0.02990000694990158
  ]
}