{
  "epoch": [
    0,
    1,
    2,
    3,
    4,
    5,
    6,
    7
  ],
  "mean_reward": [
    0.0004361747996881604,
    0.00029846199322491884,
    0.00018193534924648702,
    0.0002147633204003796,
    -5.634804256260395e-05,
    0.00020278658485040069,
    0.0003012028755620122,
    0.0006220716168172657
  ],
  "policy_loss": [
    -0.0366009846329689,
    0.29381847381591797,
    -0.0309305340051651,
    -0.07738956063985825,
    -0.15392620861530304,
    -0.04617911949753761,
    -0.06986091285943985,
    -0.1272725760936737
  ],
  "value_loss": [
    0.0007690263446420431,
    0.0007503884262405336,
    0.001314972061663866,
    0.0011000699596479535,
    0.0015386955346912146,
    0.001146496506407857,
    0.0006321711698547006,
    0.000462381518445909
  ],
  "entropy": [
    0.6175113916397095,
    0.5875445604324341,
    0.5830709338188171,
    0.5316280722618103,
    0.4811895489692688,
    0.46140989661216736,
    0.4062139689922333,
    0.4026985168457031
  ],
  "approx_kl": [
    0.004985111299902201,
    0.005054212640970945,
    0.0,
    0.0,
    0.0005067382007837296,
    0.007620093412697315,
    0.0018721981905400753,
    0.0019568204879760742
  ]
}