{
  "name": "seed_1_pre",
  "seed": 1,
  "pretrained": true,
  "config": {
    "gamma": 0.99,
    "gae_lambda": 0.95,
    "clip_eps": 0.2,
    "entropy_coef": 0.01,
    "value_coef": 0.5,
    "lr": 0.0003,
    "max_grad_norm": 0.5,
    "update_epochs": 10,
    "minibatch_size": 64,
    "steps_per_epoch": 1024,
    "epochs": 8,
    "log_interval": 2,
    "device": "cpu"
  },
  "train_metrics": {
    "epoch": [
      0,
      1,
      2,
      3,
      4,
      5,
      6,
      7
    ],
    "mean_reward": [
      0.0005230568931438029,
      0.00017586699686944485,
      0.0003047309583052993,
      0.0002266478113597259,
      0.0004678132536355406,
      0.0003917174180969596,
      0.0001372816477669403,
      0.0007209678879007697
    ],
    "policy_loss": [
      0.0021271342411637306,
      0.005650326609611511,
      -0.2464684247970581,
      -0.09721764922142029,
      0.12083599716424942,
      0.1122383251786232,
      -0.051290009170770645,
      -0.023474786430597305
    ],
    "value_loss": [
      0.001005341880954802,
      0.0009990216931328177,
      0.0012334646889939904,
      0.000816044514067471,
      0.0005283112986944616,
      0.0007346334750764072,
      0.0008833171450532973,
      0.0006651072180829942
    ],
    "entropy": [
      0.5556132197380066,
      0.50164395570755,
      0.46492671966552734,
      0.5084399580955505,
      0.44345027208328247,
      0.41529738903045654,
      0.3724585175514221,
      0.3588293194770813
    ],
    "approx_kl": [
      0.0,
      0.002865011803805828,
      0.030093606561422348,
      0.0,
      0.005075211636722088,
      0.0,
      0.00957871787250042,
      0.004500115290284157
    ]
  },
  "test_metrics": {
    "total_return": 1.426219045856596,
    "annualized_return": 0.24887727499700518,
    "sharpe": 1.1059378459837108,
    "max_drawdown": 0.23365585676528156
  }
}