{
  "epoch": [
    0,
    1,
    2,
    3,
    4,
    5,
    6,
    7
  ],
  "mean_reward": [
    -0.0003217107732780278,
    0.00017623743042349815,
    -0.0005094691296108067,
    -1.4580382412532344e-05,
    -7.021392229944468e-05,
    -0.00040978670585900545,
    0.0002909267204813659,
    0.0002080458216369152
  ],
  "policy_loss": [
    0.014708278700709343,
    -0.08203437924385071,
    -0.13441121578216553,
    0.14974430203437805,
    -0.026756512001156807,
    0.19535580277442932,
    0.06467252224683762,
    -0.08703941106796265
  ],
  "value_loss": [
    0.0008805429679341614,
    0.0007595765637233853,
    0.0005778024788014591,
    0.0003651040606200695,
    0.00032919866498559713,
    0.0006452316301874816,
    0.00025729587650857866,
    0.00028750955243594944
  ],
  "entropy": [
    1.066789984703064,
    1.0287539958953857,
    1.063584566116333,
    1.0714725255966187,
    1.0733059644699097,
    1.0293084383010864,
    0.9841278195381165,
    1.008119821548462
  ],
  "approx_kl": [
    0.0,
    0.01533521804958582,
    0.010867195203900337,
    0.023380689322948456,
    0.018626172095537186,
    0.014813842251896858,
    0.0,
    0.0
  ]
}