{
  "epoch": [
    0,
    1,
    2,
    3,
    4,
    5,
    6,
    7
  ],
  "mean_reward": [
    -0.0001795216667233035,
    -0.00016012912965379655,
    0.00030364294070750475,
    1.3826393114868551e-05,
    9.375586523674428e-05,
    0.0004654351796489209,
    -6.933034455869347e-05,
    0.0005523032159544528
  ],
  "policy_loss": [
    -0.20183700323104858,
    -0.09768566489219666,
    0.1952548325061798,
    0.05522260069847107,
    -0.08004700392484665,
    0.009748272597789764,
    0.0009506084024906158,
    0.016104809939861298
  ],
  "value_loss": [
    0.0006312639452517033,
    0.0011472438927739859,
    0.0008987238979898393,
    0.001982096116989851,
    0.0006977022858336568,
    0.0004382039187476039,
    0.0007056125905364752,
    0.0005542153958231211
  ],
  "entropy": [
    1.0076525211334229,
    0.9800618290901184,
    0.9002010226249695,
    0.8211227059364319,
    0.811443567276001,
    0.8308291435241699,
    0.749221920967102,
    0.7875522375106812
  ],
  "approx_kl": [
    0.00280108954757452,
    0.0,
    0.020480340346693993,
    0.010469650849699974,
    0.006457457318902016,
    0.0,
    0.028322091326117516,
    0.012758301571011543
  ]
}