{
  "name": "seed_1_nopre",
  "seed": 1,
  "pretrained": false,
  "config": {
    "gamma": 0.99,
    "gae_lambda": 0.95,
    "clip_eps": 0.2,
    "entropy_coef": 0.01,
    "value_coef": 0.5,
    "lr": 0.0003,
    "max_grad_norm": 0.5,
    "update_epochs": 10,
    "minibatch_size": 64,
    "steps_per_epoch": 1024,
    "epochs": 8,
    "log_interval": 2,
    "device": "cpu"
  },
  "train_metrics": {
    "epoch": [
      0,
      1,
      2,
      3,
      4,
      5,
      6,
      7
    ],
    "mean_reward": [
      0.0002712332643568516,
      -3.8108250009827316e-05,
      4.637817619368434e-05,
      -0.0002798312343657017,
      0.0005092833889648318,
      0.00012780628458131105,
      0.00010485604434506968,
      0.0005797329358756542
    ],
    "policy_loss": [
      -0.018739400431513786,
      0.03340596705675125,
      -0.11997178196907043,
      -0.1770900934934616,
      0.059102948755025864,
      0.13438694179058075,
      0.02485143393278122,
      0.04890160262584686
    ],
    "value_loss": [
      0.000720912532415241,
      0.0006531483377330005,
      0.0010065054520964622,
      0.0005848592263646424,
      0.00044250686187297106,
      0.0009907843777909875,
      0.0006607220275327563,
      0.0008695771684870124
    ],
    "entropy": [
      0.9581589698791504,
      0.9498586654663086,
      0.9441254734992981,
      1.0174317359924316,
      1.00399911403656,
      0.9257595539093018,
      0.9094370603561401,
      0.9885770082473755
    ],
    "approx_kl": [
      0.0,
      0.010168447159230709,
      0.024182099848985672,
      0.0,
      0.0014658262953162193,
      0.0,
      0.01741180755198002,
      0.0
    ]
  },
  "test_metrics": {
    "total_return": -0.13164867789602275,
    "annualized_return": -0.03477598701178175,
    "sharpe": -0.17753153007033917,
    "max_drawdown": 0.37012124032256843
  }
}