{
  "total_return": 0.04671896141525411,
  "annualized_return": 0.011526521086811181,
  "sharpe": 0.17175690777731517,
  "max_drawdown": 0.09027052246833256
}