{
  "epoch": [
    0,
    1,
    2,
    3,
    4,
    5,
    6,
    7,
    8,
    9
  ],
  "mean_reward": [
    -0.00018033519154414535,
    0.00015824173169676214,
    -7.042945071589202e-06,
    6.076483623473905e-05,
    -4.4425461965147406e-05,
    0.0001235409581568092,
    4.039470150019042e-05,
    2.5344397727167234e-05,
    0.00014598161214962602,
    0.00013845018111169338
  ],
  "policy_loss": [
    0.03700317069888115,
    -0.05180004984140396,
    0.02316286787390709,
    0.04141564667224884,
    0.0028162840753793716,
    0.19217264652252197,
    0.17768585681915283,
    0.12243475019931793,
    -0.08073822408914566,
    -0.16357120871543884
  ],
  "value_loss": [
    0.0001270028733415529,
    8.36034887470305e-05,
    4.211971827317029e-05,
    9.656688052928075e-05,
    7.80931586632505e-05,
    0.00011625620390987024,
    0.000290749769192189,
    0.00010021388879977167,
    0.0003826452884823084,
    0.00013566754932980984
  ],
  "entropy": [
    1.023911714553833,
    1.0053541660308838,
    1.018435001373291,
    1.0295629501342773,
    1.073837399482727,
    1.0707203149795532,
    1.0740914344787598,
    1.0647602081298828,
    1.0247374773025513,
    0.9813628792762756
  ],
  "approx_kl": [
    0.04657407104969025,
    0.0,
    0.0022756503894925117,
    0.0,
    0.005950123071670532,
    0.020157868042588234,
    0.015214592218399048,
    0.00939592719078064,
    0.003475913777947426,
    0.040184542536735535
  ]
}