{
  "total_return": 0.1769903904136787,
  "annualized_return": 0.04175050633258981,
  "sharpe": 0.475613907268656,
  "max_drawdown": 0.11518993397567923
}