{
  "epoch": [
    0,
    1,
    2,
    3,
    4,
    5,
    6,
    7,
    8,
    9
  ],
  "mean_reward": [
    0.00010166373249376193,
    -6.747840961907059e-05,
    0.00016983455861918628,
    1.868160325102508e-06,
    -0.00010925511014647782,
    -3.731427204911597e-05,
    -2.3011787561699748e-05,
    -8.097126556094736e-05,
    0.00015266845002770424,
    -2.367904016864486e-05
  ],
  "policy_loss": [
    -0.17773471772670746,
    0.01743468828499317,
    -0.016712654381990433,
    0.011756900697946548,
    -0.07615102082490921,
    0.012862957082688808,
    0.19375750422477722,
    0.02517491951584816,
    -0.06526871025562286,
    -0.1977176070213318
  ],
  "value_loss": [
    0.0007794640259817243,
    0.0002390146692050621,
    0.00011784583330154419,
    0.00024371821200475097,
    0.00020193716045469046,
    0.00019077197066508234,
    0.00011019100929843262,
    0.00011294717114651576,
    7.424755312968045e-05,
    0.00011111584899481386
  ],
  "entropy": [
    1.0604023933410645,
    1.082775354385376,
    1.060714840888977,
    1.0292019844055176,
    0.9947760105133057,
    1.0095140933990479,
    1.0511915683746338,
    1.0346555709838867,
    0.9955497980117798,
    0.9647709131240845
  ],
  "approx_kl": [
    0.035551466047763824,
    0.0,
    0.0,
    0.0,
    0.027609271928668022,
    0.00040570925921201706,
    0.0250772126019001,
    0.018411070108413696,
    0.025045176967978477,
    0.0
  ]
}