{
  "epoch": [
    0,
    1,
    2,
    3,
    4,
    5,
    6,
    7,
    8,
    9
  ],
  "mean_reward": [
    0.0002554166130721569,
    -0.00038052312447689474,
    0.00044023990631103516,
    0.00021709664724767208,
    -0.00021975048002786934,
    8.592780795879662e-05,
    -0.00024375139037147164,
    -0.0005154579412192106,
    -8.573297964176163e-05,
    -0.0005043282289989293
  ],
  "policy_loss": [
    -0.07762255519628525,
    0.047308266162872314,
    -0.0408049076795578,
    -0.05861765518784523,
    0.031085506081581116,
    -0.012335292994976044,
    0.0009551197290420532,
    0.19104890525341034,
    -0.21607983112335205,
    0.04702414572238922
  ],
  "value_loss": [
    0.0009832140058279037,
    0.00045023686834611,
    0.0005190091906115413,
    0.000477277091704309,
    0.0009326520375907421,
    0.0005066420417279005,
    0.000835594953969121,
    0.0007282691076397896,
    0.0005822969833388925,
    0.0005464974674396217
  ],
  "entropy": [
    1.0912903547286987,
    1.0838922262191772,
    1.0971348285675049,
    1.091543197631836,
    1.0659549236297607,
    1.0275424718856812,
    1.0613949298858643,
    1.0858231782913208,
    1.0828452110290527,
    1.0966325998306274
  ],
  "approx_kl": [
    0.016526253893971443,
    0.012031251564621925,
    0.00868381280452013,
    0.03054421953856945,
    0.027966022491455078,
    0.0,
    0.0,
    0.0,
    0.0,
    0.03761101886630058
  ]
}