{
  "total_return": 1.5962657124556574,
  "annualized_return": 0.2702713418832292,
  "sharpe": 1.456287994662166,
  "max_drawdown": 0.15495365944120743
}