{
  "total_return": -0.1376383278026564,
  "annualized_return": -0.03644974973207715,
  "sharpe": -0.19400517583570462,
  "max_drawdown": 0.2856246554223665
}