{
  "epoch": [
    0,
    1,
    2,
    3,
    4,
    5,
    6,
    7,
    8,
    9
  ],
  "mean_reward": [
    0.0003418114210944623,
    0.0001941780501510948,
    0.00041774005512706935,
    0.0007590564782731235,
    0.00015909428475424647,
    0.0004203264252282679,
    0.0006858179112896323,
    0.0003622810181695968,
    0.00040612422162666917,
    0.0005775327445007861
  ],
  "policy_loss": [
    -0.1424884796142578,
    -0.24096989631652832,
    0.13289327919483185,
    -0.021825620904564857,
    0.1006421372294426,
    0.1454654186964035,
    -0.025265425443649292,
    -0.014679931104183197,
    -0.1368858516216278,
    -0.08595304191112518
  ],
  "value_loss": [
    0.0003649649734143168,
    0.0005926219164393842,
    0.00047933703172020614,
    0.0006201565847732127,
    0.0007278426783159375,
    0.0005098502151668072,
    0.00045745979878120124,
    0.0007008836255408823,
    0.000807703472673893,
    0.0004771533713210374
  ],
  "entropy": [
    0.8983048796653748,
    0.8224807977676392,
    0.7998431324958801,
    0.7472745776176453,
    0.7097506523132324,
    0.6093745827674866,
    0.6531586647033691,
    0.7150925397872925,
    0.6689520478248596,
    0.7158001661300659
  ],
  "approx_kl": [
    0.03465107083320618,
    0.0045002843253314495,
    0.0,
    0.00209694541990757,
    0.0,
    0.02731183171272278,
    0.007986605167388916,
    0.0,
    0.0,
    0.006142921280115843
  ]
}