{
  "total_return": -0.15074621026764423,
  "annualized_return": -0.04014326553805714,
  "sharpe": -0.21208280942976934,
  "max_drawdown": 0.4306488878532482
}