{
  "epoch": [
    0,
    1,
    2,
    3,
    4,
    5,
    6,
    7,
    8,
    9
  ],
  "mean_reward": [
    0.00012453412637114525,
    5.465449794428423e-05,
    0.00013790291268378496,
    -4.891287244390696e-05,
    -3.841312718577683e-06,
    0.000603393476922065,
    -0.00024185230722650886,
    0.0003446199407335371,
    -0.00023894396144896746,
    0.00022262286802288145
  ],
  "policy_loss": [
    0.039222799241542816,
    0.2355479598045349,
    0.024297010153532028,
    -0.14404264092445374,
    -0.030658185482025146,
    0.001647859811782837,
    -0.03922539949417114,
    0.025783097371459007,
    -0.17929665744304657,
    -0.10721064358949661
  ],
  "value_loss": [
    0.0005656214780174196,
    0.00036211905535310507,
    0.0005820983205921948,
    0.0006811285275034606,
    0.0004930933937430382,
    0.0006425585597753525,
    0.0007585311541333795,
    0.0005788370035588741,
    0.0005883037811145186,
    0.00047960219671949744
  ],
  "entropy": [
    1.0714330673217773,
    1.09221351146698,
    1.0981194972991943,
    1.095289945602417,
    1.085039496421814,
    1.0566705465316772,
    1.0655300617218018,
    1.0857139825820923,
    1.0775891542434692,
    1.0662672519683838
  ],
  "approx_kl": [
    0.04876166954636574,
    0.0,
    0.0,
    0.011109067127108574,
    0.0097547248005867,
    0.0,
    0.0038229376077651978,
    0.0032646730542182922,
    0.0029679881408810616,
    0.04289381206035614
  ]
}