{
  "total_return": 1.2337573460936078,
  "annualized_return": 0.2232619669140956,
  "sharpe": 1.0650489615796195,
  "max_drawdown": 0.24704293887504625
}