{
  "epoch": [
    0,
    1,
    2,
    3,
    4,
    5,
    6,
    7,
    8,
    9
  ],
  "mean_reward": [
    -0.00018485580221749842,
    -0.00018128824012819678,
    3.033508255612105e-05,
    0.0001383468188578263,
    0.0006322776898741722,
    0.0003048803482670337,
    8.523892029188573e-05,
    2.5426408683415502e-05,
    0.0003251603920944035,
    0.00022535238531418145
  ],
  "policy_loss": [
    -0.05064047500491142,
    0.017252497375011444,
    -0.04744403809309006,
    0.06107230484485626,
    0.128510981798172,
    -0.07067166268825531,
    -0.2762966752052307,
    -0.10874998569488525,
    0.022320471704006195,
    -0.12570896744728088
  ],
  "value_loss": [
    0.0005302322097122669,
    0.0004054305609315634,
    0.0004225993761792779,
    0.0003985193034168333,
    0.0005871622124686837,
    0.0004249922640156001,
    0.0005054067587479949,
    0.0005378323257900774,
    0.0009741492103785276,
    0.0008403019746765494
  ],
  "entropy": [
    1.0743038654327393,
    1.0971664190292358,
    1.0871379375457764,
    1.0506868362426758,
    1.010007619857788,
    1.0081664323806763,
    1.0041213035583496,
    0.9906214475631714,
    0.978495717048645,
    0.9813296794891357
  ],
  "approx_kl": [
    0.0,
    0.0,
    0.0,
    0.010902131907641888,
    0.01958896964788437,
    0.00606846809387207,
    0.0,
    0.0,
    0.016307421028614044,
    0.022712387144565582
  ]
}