{
  "epoch": [
    0,
    1,
    2,
    3,
    4,
    5,
    6,
    7,
    8,
    9
  ],
  "mean_reward": [
    -0.49145787954330444,
    -0.4909169375896454,
    -0.4917769730091095,
    -0.4926143288612366,
    -0.4916341006755829,
    -0.49296146631240845,
    -0.4918057918548584,
    -0.4856201112270355,
    -0.49356186389923096,
    -0.4910290539264679
  ],
  "policy_loss": [
    0.1694977879524231,
    -0.10177880525588989,
    -0.07466818392276764,
    -0.05195942521095276,
    0.15741246938705444,
    -0.3072845935821533,
    0.09439374506473541,
    0.14376294612884521,
    0.024256069213151932,
    0.03675020486116409
  ],
  "value_loss": [
    5.80216121673584,
    14.208280563354492,
    12.105508804321289,
    8.976492881774902,
    6.430875778198242,
    3.8177602291107178,
    2.2802343368530273,
    1.0201438665390015,
    0.3257325291633606,
    0.11954104900360107
  ],
  "entropy": [
    1.0746026039123535,
    1.0460847616195679,
    1.0457804203033447,
    1.070007562637329,
    1.0664798021316528,
    1.0450172424316406,
    1.0257697105407715,
    1.0148282051086426,
    1.033479928970337,
    1.0501172542572021
  ],
  "approx_kl": [
    0.0027900701388716698,
    0.01695181429386139,
    0.0,
    0.041032690554857254,
    0.007538683712482452,
    0.020277801901102066,
    0.0014637690037488937,
    0.00832056999206543,
    0.0001493208110332489,
    0.0
  ]
}