{
  "epoch": [
    0,
    1,
    2,
    3,
    4,
    5,
    6,
    7,
    8,
    9
  ],
  "mean_reward": [
    -0.0016495545860379934,
    -0.001422026427462697,
    -0.001937173306941986,
    -0.0016844032797962427,
    -0.0008705600630491972,
    -0.001329457969404757,
    -0.0015101067256182432,
    -0.0012252404121682048,
    -0.0014911862090229988,
    -0.0011246795766055584
  ],
  "policy_loss": [
    -0.04973483458161354,
    0.252452552318573,
    0.08594545722007751,
    0.04548349976539612,
    0.04492442309856415,
    -0.2106313407421112,
    0.2328876256942749,
    -0.07133749127388,
    0.10217932611703873,
    0.057998526841402054
  ],
  "value_loss": [
    0.0005293946014717221,
    0.0004273839294910431,
    0.0004083002859260887,
    0.0004439341719262302,
    0.000540838111191988,
    0.00047870748676359653,
    0.00034831889206543565,
    0.0005230011884123087,
    0.00035245611798018217,
    0.0003338386304676533
  ],
  "entropy": [
    1.0788843631744385,
    1.0662750005722046,
    1.0379303693771362,
    0.9751611351966858,
    1.0160483121871948,
    1.0438154935836792,
    0.978885293006897,
    0.9512994289398193,
    0.8348147869110107,
    0.7355132102966309
  ],
  "approx_kl": [
    0.008969311602413654,
    0.014641087502241135,
    0.010201336815953255,
    0.011692013591527939,
    0.008473608642816544,
    0.00793159008026123,
    0.007446404546499252,
    0.001954205334186554,
    0.011877715587615967,
    0.007735363207757473
  ]
}