{
  "total_return": 0.6544640974211378,
  "annualized_return": 0.13456011990970707,
  "sharpe": 0.7227920762777841,
  "max_drawdown": 0.1848985313085102,
  "shaping_config": {
    "name": "no_shaping",
    "transaction_cost": 0.0,
    "lambda_risk": 0.0,
    "lambda_drawdown": 0.0
  }
}