{
  "epoch": [
    0,
    1,
    2,
    3,
    4,
    5,
    6,
    7,
    8,
    9
  ],
  "mean_reward": [
    6.410792411770672e-05,
    -0.00015585093933623284,
    0.0001772841642377898,
    0.00016166028217412531,
    0.00019934425654355437,
    0.0005502661224454641,
    0.00011750477278837934,
    0.000441475713159889,
    0.0007496746256947517,
    6.476949783973396e-05
  ],
  "policy_loss": [
    -0.0017945393919944763,
    -0.1260460615158081,
    -0.07088183611631393,
    0.15629848837852478,
    -0.06640565395355225,
    0.22061368823051453,
    0.11529816687107086,
    -0.051802560687065125,
    -0.046067170798778534,
    0.1838739663362503
  ],
  "value_loss": [
    0.0005652302061207592,
    0.000610276241786778,
    0.0003956164582632482,
    0.0007056212052702904,
    0.0007100332295522094,
    0.0006890420336276293,
    0.0005567921907640994,
    0.0004645349981728941,
    0.0003257395583204925,
    0.0006469921208918095
  ],
  "entropy": [
    1.0915732383728027,
    1.0729198455810547,
    1.0516185760498047,
    1.0252315998077393,
    1.0278183221817017,
    0.955039918422699,
    0.8592195510864258,
    0.8350628614425659,
    0.8961930274963379,
    0.8858458995819092
  ],
  "approx_kl": [
    0.0055946968495845795,
    0.01690232753753662,
    0.012542327865958214,
    0.010757320560514927,
    0.008621311746537685,
    0.011763812974095345,
    0.013486908748745918,
    0.0019622426480054855,
    0.0,
    0.01647576317191124
  ]
}