{
  "total_return": 0.6738640913924179,
  "annualized_return": 0.13788141342980942,
  "sharpe": 0.6525651591662436,
  "max_drawdown": 0.26007795689041324,
  "shaping_config": {
    "name": "risk_penalty",
    "transaction_cost": 0.0,
    "lambda_risk": 0.2,
    "lambda_drawdown": 0.0
  }
}