{
  "epoch": [
    0,
    1,
    2,
    3,
    4,
    5,
    6,
    7,
    8,
    9
  ],
  "mean_reward": [
    -0.0002003438421525061,
    -0.0004311386146582663,
    0.0005713686114177108,
    0.0006778124370612204,
    0.0002836218336597085,
    0.0003574807778932154,
    0.0005645251949317753,
    0.00021175722940824926,
    6.0163758462294936e-05,
    0.0005407308344729245
  ],
  "policy_loss": [
    -0.058824025094509125,
    -0.0536150224506855,
    0.08071870356798172,
    0.0015806928277015686,
    -0.06946849822998047,
    0.04923555627465248,
    0.07019239664077759,
    -0.09197998046875,
    0.1412879228591919,
    -0.20378735661506653
  ],
  "value_loss": [
    0.0006458503194153309,
    0.0009119942551478744,
    0.0011568794725462794,
    0.0006100393366068602,
    0.000716661976184696,
    0.0008897234220057726,
    0.0007692784420214593,
    0.0006775708170607686,
    0.0006766922306269407,
    0.0009555629803799093
  ],
  "entropy": [
    1.097193717956543,
    1.0793733596801758,
    1.047969937324524,
    0.9813066720962524,
    0.9504360556602478,
    0.9505825042724609,
    0.8840556144714355,
    0.7937682867050171,
    0.8026352524757385,
    0.8252646923065186
  ],
  "approx_kl": [
    0.010506129823625088,
    0.014401445165276527,
    0.0,
    0.0,
    0.015307174995541573,
    0.016789816319942474,
    0.0,
    0.008822521194815636,
    0.0006677024066448212,
    0.0036779423244297504
  ]
}